Date,Open,High,Low,Close,Adj Close,Volume
01-12-2003,45.709,45.728001,45.449001,45.48,45.48,0
08-12-2003,45.474998,45.507999,45.352001,45.451,45.451,0
15-12-2003,45.450001,45.5,45.332001,45.455002,45.455002,0
22-12-2003,45.417,45.549,45.296001,45.507999,45.507999,0
29-12-2003,45.439999,45.645,45.421001,45.560001,45.560001,0
05-01-2004,45.528,45.604,45.23,45.351002,45.351002,0
12-01-2004,45.328999,45.405998,45.231998,45.352001,45.352001,0
19-01-2004,45.356998,45.393002,45.23,45.243999,45.243999,0
26-01-2004,45.25,45.332001,45,45,45,0
02-02-2004,45.151001,45.244999,45.105,45.290001,45.290001,0
09-02-2004,45.166,45.373001,45.080002,45.373001,45.373001,0
16-02-2004,45.179001,45.238998,45.125,45.238998,45.238998,0
23-02-2004,45.173,45.286999,45.115002,45.195999,45.195999,0
01-03-2004,45.165001,45.254002,45.064999,45.200001,45.200001,0
08-03-2004,45.200001,45.278999,45.051998,45.278999,45.278999,0
15-03-2004,45.172001,45.188,45.066002,45.104,45.104,0
22-03-2004,45.091999,45.110001,44.334999,44.52,44.52,0
29-03-2004,44.505001,44.537998,43.275002,43.691002,43.691002,0
05-04-2004,43.691002,43.716999,43.366001,43.522999,43.522999,0
12-04-2004,43.521,43.924999,43.521,43.740002,43.740002,0
19-04-2004,43.731998,44.115002,43.688,44.109001,44.109001,0
26-04-2004,44.126999,44.439999,43.945,44.259998,44.259998,0
03-05-2004,44.285999,44.889999,44.262001,44.529999,44.529999,0
10-05-2004,44.529999,45.580002,44.529999,45.380001,45.380001,0
17-05-2004,45.380001,45.898998,45.046001,45.182999,45.182999,0
24-05-2004,45.192001,45.505001,45.167,45.219002,45.219002,0
31-05-2004,45.290001,45.396,44.950001,44.972,44.972,0
07-06-2004,45.044998,45.080002,44.801998,45.066002,45.066002,0
14-06-2004,44.994999,45.595001,44.994999,45.507999,45.507999,0
21-06-2004,45.564999,46.18,45.502998,45.648998,45.648998,0
28-06-2004,45.681,46.025002,45.501999,45.501999,45.501999,0
05-07-2004,45.59,46,45.549999,45.645,45.645,0
12-07-2004,45.612999,46.130001,45.563,46.088001,46.088001,0
19-07-2004,46.089001,46.255001,45.859001,46.129002,46.129002,0
26-07-2004,46.139999,46.415001,46.091999,46.237999,46.237999,0
02-08-2004,46.25,46.395,46.111,46.111,46.111,0
09-08-2004,46.192001,46.41,46.105,46.229,46.229,0
16-08-2004,46.23,46.347,46.115002,46.220001,46.220001,0
23-08-2004,46.208,46.292999,46.125,46.209999,46.209999,0
30-08-2004,46.228001,46.326,46.099998,46.257,46.257,0
06-09-2004,46.228001,46.301998,46.105,46.172001,46.172001,0
13-09-2004,46.139,46.157001,45.709999,45.771,45.771,0
20-09-2004,45.784,45.875999,45.693001,45.799999,45.799999,0
27-09-2004,45.869999,46.095001,45.755001,45.993,45.993,0
04-10-2004,45.849998,45.856998,45.625,45.674999,45.674999,0
11-10-2004,45.645,45.804001,45.624001,45.743999,45.743999,0
18-10-2004,45.749001,45.782001,45.570999,45.610001,45.610001,0
25-10-2004,45.606998,45.66,45.244999,45.243999,45.243999,0
01-11-2004,45.317001,45.48,44.943001,44.959999,44.959999,0
08-11-2004,44.946999,45.132,44.939999,45.029999,45.029999,0
15-11-2004,45.032001,45.080002,44.837002,44.93,44.93,0
22-11-2004,44.931,45.02,44.868999,44.928001,44.928001,0
29-11-2004,44.888,44.919998,43.932999,43.991001,43.991001,0
06-12-2004,43.991001,44.66,43.560001,44.569,44.569,0
13-12-2004,44.570999,44.588001,43.654999,43.875999,43.875999,0
20-12-2004,43.889,43.943001,43.547001,43.612999,43.612999,0
27-12-2004,43.612,43.779999,43.265999,43.307999,43.307999,0
03-01-2005,43.310001,43.901001,43.25,43.832001,43.832001,0
10-01-2005,43.827,43.959,43.479,43.52,43.52,0
17-01-2005,43.512001,43.744999,43.470001,43.599998,43.599998,0
24-01-2005,43.587002,43.762001,43.549999,43.580002,43.580002,0
31-01-2005,43.580002,43.667,43.219002,43.275002,43.275002,0
07-02-2005,43.384998,43.757999,43.287998,43.700001,43.700001,0
14-02-2005,43.688999,43.77,43.575001,43.66,43.66,0
21-02-2005,43.651001,43.75,43.52,43.599998,43.599998,0
28-02-2005,43.589001,43.678001,43.525002,43.567001,43.567001,0
07-03-2005,43.610001,43.658001,43.396999,43.419998,43.419998,0
14-03-2005,43.410999,43.687,43.403,43.549999,43.549999,0
21-03-2005,43.537998,43.821999,43.52,43.619999,43.619999,0
28-03-2005,43.66,43.830002,43.472,43.619999,43.619999,0
04-04-2005,43.493,43.82,43.481998,43.599998,43.599998,0
11-04-2005,43.647999,43.830002,43.549999,43.700001,43.700001,0
18-04-2005,43.692001,43.790001,43.551998,43.66,43.66,0
25-04-2005,43.653,43.722,43.361,43.431999,43.431999,0
02-05-2005,43.432999,43.599998,43.259998,43.43,43.43,0
09-05-2005,43.43,43.52,43.130001,43.360001,43.360001,0
16-05-2005,43.349998,43.599998,43.314999,43.450001,43.450001,0
23-05-2005,43.368999,43.544998,43.360001,43.5,43.5,0
30-05-2005,43.431999,43.766998,43.400002,43.560001,43.560001,0
06-06-2005,43.584999,43.651001,43.34,43.470001,43.470001,0
13-06-2005,43.472,43.66,43.417999,43.459999,43.459999,0
20-06-2005,43.452,43.612,43.380001,43.404999,43.404999,0
27-06-2005,43.43,43.564999,43.375,43.459999,43.459999,0
04-07-2005,43.551998,43.632,43.380001,43.540001,43.540001,0
11-07-2005,43.540001,44.409,43.380001,43.470001,43.470001,0
18-07-2005,43.470001,43.540001,43,43.369999,43.369999,0
25-07-2005,43.369999,43.564999,43.258999,43.360001,43.360001,0
01-08-2005,43.353001,43.532001,43.285,43.419998,43.419998,0
08-08-2005,43.41,43.59,43.396,43.52,43.52,0
15-08-2005,43.506001,43.562,43.358002,43.5,43.5,0
22-08-2005,43.490002,43.755001,43.477001,43.599998,43.599998,0
29-08-2005,43.647999,44.130001,43.599998,43.880001,43.880001,0
05-09-2005,43.870998,43.935001,43.632,43.740002,43.740002,0
12-09-2005,43.734001,43.962002,43.700001,43.799999,43.799999,0
19-09-2005,43.787998,43.939999,43.759998,43.849998,43.849998,0
26-09-2005,43.77,44.064999,43.77,43.880001,43.880001,0
03-10-2005,43.872002,44.349998,43.855999,44.259998,44.259998,0
10-10-2005,44.241001,44.950001,44.237999,44.77,44.77,0
17-10-2005,44.727001,45.375,44.712002,45.009998,45.009998,0
24-10-2005,44.993999,45.172001,44.869999,44.970001,44.970001,0
31-10-2005,44.985001,45.52,44.973,45.419998,45.419998,0
07-11-2005,45.411999,45.990002,45.349998,45.48,45.48,0
14-11-2005,45.615002,45.799999,45.500999,45.66,45.66,0
21-11-2005,45.650002,45.845001,45.560001,45.740002,45.740002,0
28-11-2005,45.733002,46.195,45.650002,46.060001,46.060001,0
05-12-2005,46.048,46.330002,46,46.139999,46.139999,0
12-12-2005,46.132,46.202,45.125,45.279999,45.279999,0
19-12-2005,45.271999,45.375,44.84,45.060001,45.060001,0
26-12-2005,45.049999,45.294998,44.924999,44.970001,44.970001,0
02-01-2006,44.969002,45.09,44.255001,44.5,44.5,0
09-01-2006,44.485001,44.5,43.889999,44.07,44.07,0
16-01-2006,44.188999,44.485001,44,44.150002,44.150002,0
23-01-2006,44.27,44.345001,43.919998,43.939999,43.939999,0
30-01-2006,43.926998,44.314999,43.858002,44.16,44.16,0
06-02-2006,44.140999,44.285,44.019001,44.040001,44.040001,0
13-02-2006,44.030998,44.450001,44.021999,44.32,44.32,0
20-02-2006,44.305,44.599998,44.200001,44.290001,44.290001,0
27-02-2006,44.290001,44.525002,44.035,44.18,44.18,0
06-03-2006,44.18,44.555,44.119999,44.459999,44.459999,0
13-03-2006,44.445999,44.52,44.098999,44.25,44.25,0
20-03-2006,44.25,44.630001,44.195,44.424999,44.424999,0
27-03-2006,44.465,44.634998,44.415001,44.540001,44.540001,0
03-04-2006,44.528999,44.645,44.334999,44.404999,44.404999,0
10-04-2006,44.404999,45.235001,44.404999,45,45,0
17-04-2006,44.992001,45.200001,44.945,44.994999,44.994999,0
24-04-2006,44.994999,45.07,44.706001,44.805,44.805,0
01-05-2006,44.805,44.919998,44.735001,44.779999,44.779999,0
08-05-2006,44.785,45.035,44.741001,44.825001,44.825001,0
15-05-2006,45.099998,45.555,44.625,45.360001,45.360001,0
22-05-2006,45.354,45.817001,45.279999,45.755001,45.755001,0
29-05-2006,45.896999,46.414001,45.580002,45.605,45.605,0
05-06-2006,45.583,46.014999,45.583,45.744999,45.744999,0
12-06-2006,45.805,45.985001,45.625,45.625,45.625,0
19-06-2006,45.848,46.134998,45.755001,45.939999,45.939999,0
26-06-2006,45.933998,46.356998,45.805,45.880001,45.880001,0
03-07-2006,45.872002,46.09,45.785,45.860001,45.860001,0
10-07-2006,45.851002,46.390999,45.841999,46.125,46.125,0
17-07-2006,46.328999,46.924999,46.324001,46.580002,46.580002,0
24-07-2006,46.569,46.904999,46.455002,46.465,46.465,0
31-07-2006,46.59,46.679001,46.355,46.459999,46.459999,0
07-08-2006,46.431,46.521999,46.255001,46.424999,46.424999,0
14-08-2006,46.424999,46.544998,46.279999,46.400002,46.400002,0
21-08-2006,46.389,46.529999,46.34,46.345001,46.345001,0
28-08-2006,46.459999,46.5,46.283001,46.507999,46.507999,0
04-09-2006,46.314999,46.384998,45.985001,45.994999,45.994999,0
11-09-2006,46.16,46.278999,45.884998,45.884998,45.884998,0
18-09-2006,46.047001,46.064999,45.709999,45.709999,45.709999,0
25-09-2006,45.740002,45.902,45.694,45.715,45.715,0
02-10-2006,45.779999,45.782001,45.355,45.355,45.355,0
09-10-2006,45.508999,45.733002,45.244999,45.299999,45.299999,0
16-10-2006,45.297001,45.396999,45.124001,45.125,45.125,0
23-10-2006,45.229,45.355,44.986,45.005001,45.005001,0
30-10-2006,45,45.019001,44.695,44.695,44.695,0
06-11-2006,44.813999,44.832001,44.395,44.485001,44.485001,0
13-11-2006,44.612,45.279999,44.605,44.685001,44.685001,0
20-11-2006,44.779999,45.035,44.529999,44.529999,44.529999,0
27-11-2006,44.529999,44.759998,44.435001,44.435001,44.435001,0
04-12-2006,44.560001,44.740002,44.355,44.465,44.465,0
11-12-2006,44.560001,44.919998,44.466999,44.5,44.5,0
18-12-2006,44.493999,44.869999,44.305,44.305,44.305,0
25-12-2006,44.305,44.59,44.040001,44.040001,44.040001,0
01-01-2007,44.220001,44.48,44.040001,44.220001,44.220001,0
08-01-2007,44.365002,44.619999,44.209999,44.255001,44.255001,0
15-01-2007,44.349998,44.384998,44.025002,44.084999,44.084999,0
22-01-2007,44.084999,44.294998,44.014999,44.040001,44.040001,0
29-01-2007,44.014999,44.327499,43.919998,43.919998,43.919998,0
05-02-2007,43.935001,44.139999,43.117001,43.98,43.98,0
12-02-2007,43.971001,44.205002,43.805,44,44,0
19-02-2007,43.993,44.282501,43.915001,44.200001,44.200001,0
26-02-2007,44.189999,44.345001,43.959,44.035,44.035,0
05-03-2007,44.498001,44.650002,44.005001,44.009998,44.009998,0
12-03-2007,43.855,44.352501,43.855,43.889999,43.889999,0
19-03-2007,44.033001,44.040001,43.215,43.305,43.305,0
26-03-2007,43.292,43.735001,42.709999,43.044998,43.044998,0
02-04-2007,43.200001,43.235001,42.681,42.695,42.695,0
09-04-2007,42.8475,43.014999,42.365002,42.365002,42.365002,0
16-04-2007,42.365002,42.52,41.505001,41.52,41.52,0
23-04-2007,41.665001,41.732498,40.485001,40.724998,40.724998,0
30-04-2007,41.349998,41.43,40.514999,40.68,40.68,0
07-05-2007,40.671001,41.415001,40.5,40.674999,40.674999,0
14-05-2007,41.037498,41.037498,40.286999,40.299999,40.299999,0
21-05-2007,40.294998,40.665001,40.075001,40.52,40.52,0
28-05-2007,40.512001,40.810001,40.125,40.215,40.215,0
04-06-2007,40.5,41.130001,40.124001,40.759998,40.759998,0
11-06-2007,40.990002,41.064999,40.419998,40.459999,40.459999,0
18-06-2007,40.52,40.845001,40.425999,40.494999,40.494999,0
25-06-2007,40.68,41.047501,40.525002,40.529999,40.529999,0
02-07-2007,40.619999,40.669998,40.229,40.310001,40.310001,0
09-07-2007,40.400002,40.632,40.127998,40.200001,40.200001,0
16-07-2007,40.404999,40.445,40.125,40.125,40.125,0
23-07-2007,40.34,40.535,40.046001,40.32,40.32,0
30-07-2007,40.572498,40.575001,40.115002,40.195,40.195,0
06-08-2007,40.259998,40.695,40.187,40.400002,40.400002,0
13-08-2007,40.513,41.615002,40.342999,41,41,0
20-08-2007,40.992001,41.18,40.715,40.84,40.84,0
27-08-2007,40.98,41.302502,40.575001,40.575001,40.575001,0
03-09-2007,40.66,40.947498,40.34,40.599998,40.599998,0
10-09-2007,40.419998,40.610001,40.269001,40.285,40.285,0
17-09-2007,40.43,40.599998,39.587002,39.77,39.77,0
24-09-2007,39.82,39.830002,39.425999,39.575001,39.575001,0
01-10-2007,39.580002,39.855,39.150002,39.404999,39.404999,0
08-10-2007,39.389999,39.537498,39.028999,39.095001,39.095001,0
15-10-2007,39.299999,39.825001,39.145,39.450001,39.450001,0
22-10-2007,39.892502,39.900002,39.235001,39.235001,39.235001,0
29-10-2007,39.235001,39.455002,39.146,39.265999,39.265999,0
05-11-2007,39.233002,39.365002,38.979,39.044998,39.044998,0
12-11-2007,38.995998,39.384998,38.987999,39.174999,39.174999,0
19-11-2007,39.294998,39.630001,39.139,39.599998,39.599998,0
26-11-2007,39.514999,39.884998,39.382999,39.362999,39.362999,0
03-12-2007,39.394001,39.619999,39.169998,39.360001,39.360001,0
10-12-2007,39.351002,39.415001,39.215,39.240002,39.240002,0
17-12-2007,39.365002,39.6325,39.223,39.235001,39.235001,0
24-12-2007,39.470001,39.509998,39.186001,39.244999,39.244999,0
31-12-2007,39.395,39.465,39.084,39.095001,39.095001,0
07-01-2008,39.34,39.34,39.064999,39.095001,39.095001,0
14-01-2008,39.279999,39.334999,39.084,39.134998,39.134998,0
21-01-2008,39.34,39.759998,39.084999,39.245998,39.245998,0
28-01-2008,39.292,39.465,39.055,39.055,39.055,0
04-02-2008,39.330002,39.724998,39.064999,39.535,39.535,0
11-02-2008,39.639999,39.880001,39.494999,39.584999,39.584999,0
18-02-2008,39.669998,40.209999,39.581001,39.974998,39.974998,0
25-02-2008,40,40.075001,39.615002,39.91,39.91,0
03-03-2008,40.169998,40.630001,39.990002,40.355,40.355,0
10-03-2008,40.560001,40.700001,39.869999,40.075001,40.075001,0
17-03-2008,40.759998,40.810001,40.104,40.185001,40.185001,0
24-03-2008,40.369999,40.404999,39.615002,39.615002,39.615002,0
31-03-2008,39.834999,40.07,39.761002,39.805,39.805,0
07-04-2008,39.915001,40.037498,39.775002,39.775002,39.775002,0
14-04-2008,39.875,39.98,39.646999,39.665001,39.665001,0
21-04-2008,39.860001,40.240002,39.735001,39.990002,39.990002,0
28-04-2008,40.134998,40.715,40,40.485001,40.485001,0
05-05-2008,40.630001,41.740002,40.435001,41.5,41.5,0
12-05-2008,41.599998,42.860001,41.583,42.435001,42.435001,0
19-05-2008,42.185001,43.169998,42.164001,42.610001,42.610001,0
26-05-2008,42.75,42.950001,42.084999,42.084999,42.084999,0
02-06-2008,42.084999,42.915001,42.084999,42.564999,42.564999,0
09-06-2008,42.845001,42.950001,42.583,42.805,42.805,0
16-06-2008,42.880001,42.970001,42.702999,42.799999,42.799999,0
23-06-2008,42.959999,42.970001,42.525002,42.715,42.715,0
30-06-2008,42.915001,43.362499,42.839001,43.084999,43.084999,0
07-07-2008,43.119999,43.389999,42.646999,42.728001,42.728001,0
14-07-2008,42.865002,43.205002,42.584999,42.595001,42.595001,0
21-07-2008,42.779999,42.825001,41.794998,42.084999,42.084999,0
28-07-2008,42.299999,42.735001,42.185001,42.433998,42.433998,0
04-08-2008,null,null,null,null,null,null
11-08-2008,null,null,null,null,null,null
18-08-2008,null,null,null,null,null,null
25-08-2008,43.955002,44.0625,43.43,43.625,43.625,0
01-09-2008,43.93,44.639999,43.869999,44.573002,44.573002,0
08-09-2008,44.573002,45.744999,44.130001,45.560001,45.560001,0
15-09-2008,45.560001,46.948002,45.243,45.705002,45.705002,0
22-09-2008,45.560001,46.570999,45.222,46.498001,46.498001,0
29-09-2008,46.498001,47.165001,46.147999,46.973,46.973,0
06-10-2008,46.973,49.119999,46.973,48.423,48.423,0
13-10-2008,48.459999,48.990002,47.577999,48.823002,48.823002,0
20-10-2008,48.823002,49.994999,48.66,49.755001,49.755001,0
27-10-2008,49.98,50.255001,48.483002,49.403,49.403,0
03-11-2008,49.403,49.403,46.849998,47.555,47.555,0
10-11-2008,47.555,49.452499,47.215,48.783001,48.783001,0
17-11-2008,48.985001,50.613998,48.762001,49.548,49.548,0
24-11-2008,50.044998,50.233002,48.798,49.568001,49.568001,0
01-12-2008,50.119999,50.557999,49.423,49.563,49.563,0
08-12-2008,49.23,49.573002,47.938,48.233002,48.233002,0
15-12-2008,48.233002,48.233002,46.587002,47.037998,47.037998,0
22-12-2008,47.27,49.099998,47.27,48.682999,48.682999,0
29-12-2008,48.200001,49.075001,47.970001,48.244999,48.244999,0
05-01-2009,48.799999,49.119999,48.022999,48.292999,48.292999,0
12-01-2009,48.299999,49.132999,48.299999,48.643002,48.643002,0
19-01-2009,48.779999,49.283001,48.506001,49.018002,49.018002,0
26-01-2009,48.627998,49.099998,48.43,48.733002,48.733002,0
02-02-2009,48.733002,49.080002,48.373001,48.623001,48.623001,0
09-02-2009,48.623001,48.938,48.463001,48.598,48.598,0
16-02-2009,48.598,50.037998,48.598,49.733002,49.733002,0
23-02-2009,49.553001,51.123001,49.257,50.893002,50.893002,0
02-03-2009,50.893002,52.16,50.893002,51.682999,51.682999,0
09-03-2009,51.682999,51.990002,50.983002,51.452999,51.452999,0
16-03-2009,51.452999,51.669998,50.07,50.563,50.563,0
23-03-2009,50.563,50.990002,50.098999,50.493,50.493,0
30-03-2009,50.493,51.252998,49.728001,49.928001,49.928001,0
06-04-2009,49.928001,50.605,49.605999,49.627998,49.627998,0
13-04-2009,49.627998,50.02,49.369999,49.803001,49.803001,0
20-04-2009,49.803001,50.525002,49.598,49.693001,49.693001,0
27-04-2009,49.693001,50.542999,49.060001,49.192001,49.192001,0
04-05-2009,50.029999,50.029999,49.073002,49.147999,49.147999,0
11-05-2009,49.147999,50.02,49.049999,49.382999,49.382999,0
18-05-2009,49.382999,49.382999,46.93,47.145,47.145,0
25-05-2009,47.099998,48.080002,46.949001,47.112999,47.112999,0
01-06-2009,47.112999,47.310001,46.714001,47.068001,47.068001,0
08-06-2009,47.099998,47.759998,47.049999,47.308998,47.308998,0
15-06-2009,47.599998,48.294998,47.573002,48.018002,48.018002,0
22-06-2009,48.018002,48.928001,48.018002,48.018002,48.018002,0
29-06-2009,48.018002,48.252998,47.702,47.807999,47.807999,0
06-07-2009,47.807999,49.02,47.807999,48.763,48.763,0
13-07-2009,48.763,49.428001,48.279999,48.563,48.563,0
20-07-2009,48.740002,48.740002,48.089001,48.162998,48.162998,0
27-07-2009,48.162998,48.57,47.625999,47.625999,47.625999,0
03-08-2009,47.625999,47.963001,47.272999,47.737999,47.737999,0
10-08-2009,47.737999,48.483002,47.654999,48.193001,48.193001,0
17-08-2009,48.193001,48.983002,48.193001,48.432999,48.432999,0
24-08-2009,48.432999,48.900002,48.389999,48.528,48.528,0
31-08-2009,48.650002,48.924999,48.509998,48.868,48.868,0
07-09-2009,48.580002,48.612999,48.368999,48.394001,48.394001,0
14-09-2009,48.639999,48.639999,47.997002,48.037998,48.037998,0
21-09-2009,48,48.279999,47.882999,47.938,47.938,0
28-09-2009,47.862999,48.132999,47.623001,47.627998,47.627998,0
05-10-2009,47.627998,47.709999,46.208,46.458,46.458,0
12-10-2009,46.41,46.678001,45.799999,46.217999,46.217999,0
19-10-2009,46.083,46.814999,45.932499,46.428001,46.428001,0
26-10-2009,46.428001,47.619999,46.41,46.917999,46.917999,0
02-11-2009,46.903,47.438,46.733002,46.740002,46.740002,0
09-11-2009,46.799999,46.799999,46.240002,46.257999,46.257999,0
16-11-2009,46.330002,46.757999,45.990002,46.643002,46.643002,0
23-11-2009,46.52,47.064999,45.84,46.553001,46.553001,0
30-11-2009,46.553001,46.553001,46,46.150002,46.150002,0
07-12-2009,46.150002,46.849998,46.150002,46.473,46.473,0
14-12-2009,46.473,46.958,46.473,46.702999,46.702999,0
21-12-2009,46.702999,46.897999,46.650002,46.650002,46.650002,0
28-12-2009,46.533001,46.764999,46.400002,46.610001,46.610001,0
04-01-2010,46.610001,46.610001,45.483002,45.518002,45.518002,0
11-01-2010,45.764999,45.813,45.223,45.803001,45.803001,0
18-01-2010,45.803001,46.313,45.502998,46.223,46.223,0
25-01-2010,46.150002,46.548,45.848,46.098,46.098,0
01-02-2010,46.098,46.75,45.900002,46.737999,46.737999,0
08-02-2010,46.737999,46.868,46.318001,46.400002,46.400002,0
15-02-2010,46.400002,46.4725,45.950001,46.252998,46.252998,0
22-02-2010,46.252998,46.487999,45.900002,46.068001,46.068001,0
01-03-2010,45.967999,46.133999,45.400002,45.507999,45.507999,0
08-03-2010,45.610001,45.658001,45.25,45.498001,45.498001,0
15-03-2010,45.498001,45.669998,45.25,45.268002,45.268002,0
22-03-2010,45.268002,45.700001,45.09,45.138,45.138,0
29-03-2010,45.235001,45.235001,44.59,44.807999,44.807999,0
05-04-2010,44.889999,44.889999,44.119999,44.119999,44.119999,0
12-04-2010,44.119999,44.674999,44.119999,44.318001,44.318001,0
19-04-2010,44.318001,44.737999,44.290001,44.290001,44.290001,0
26-04-2010,44.290001,44.757999,44.217999,44.217999,44.217999,0
03-05-2010,44.217999,45.717999,44.217999,45.417999,45.417999,0
10-05-2010,45.417999,45.417999,44.75,45.217999,45.217999,0
17-05-2010,45.209999,47.330002,45.209999,46.917999,46.917999,0
24-05-2010,46.917999,47.73,46.299999,46.327999,46.327999,0
31-05-2010,46.327999,47.27,46.327999,46.868,46.868,0
07-06-2010,46.868,47.400002,46.709999,46.778,46.778,0
14-06-2010,46.830002,46.830002,45.978001,45.978001,45.978001,0
21-06-2010,45.978001,46.598,45.540001,46.358002,46.358002,0
28-06-2010,46.358002,46.778,46.07,46.568001,46.568001,0
05-07-2010,46.779999,47.145,46.52,46.658001,46.658001,0
12-07-2010,46.658001,46.932999,46.400002,46.702999,46.702999,0
19-07-2010,46.77,47.428001,46.080002,46.917999,46.917999,0
26-07-2010,46.939999,47.053001,46.349998,46.368,46.368,0
02-08-2010,46.400002,46.400002,45.950001,46.056,46.056,0
09-08-2010,45.958,47.029999,45.939999,46.709999,46.709999,0
16-08-2010,46.627998,46.880001,46.257999,46.358002,46.358002,0
23-08-2010,46.608002,47.018002,46.560001,46.787998,46.787998,0
30-08-2010,46.803001,47.103001,46.467999,46.599998,46.599998,0
06-09-2010,46.577999,46.868,46.202999,46.303001,46.303001,0
13-09-2010,46.48,46.48,45.768002,46.099998,46.099998,0
20-09-2010,45.877998,45.877998,45.09,45.450001,45.450001,0
27-09-2010,45.240002,45.278,44.403,44.563,44.563,0
04-10-2010,44.412998,44.779999,42.209999,44.200001,44.200001,0
11-10-2010,44.408001,44.757999,43.987999,44.068001,44.068001,0
18-10-2010,44.158001,44.592999,44.158001,44.200001,44.200001,0
25-10-2010,44.59,44.610001,44.240002,44.419998,44.419998,0
01-11-2010,44.32,44.478001,43.84,44.013,44.013,0
08-11-2010,44.205002,44.868,44.189999,44.240002,44.240002,0
15-11-2010,44.778,45.564999,44.778,45.150002,45.150002,0
22-11-2010,45.290001,45.873001,45.182999,45.557999,45.557999,0
29-11-2010,45.709999,46.110001,44.900002,45.130001,45.130001,0
06-12-2010,44.912998,45.330002,44.5,45.049999,45.049999,0
13-12-2010,44.950001,45.605,44.849998,45.25,45.25,0
20-12-2010,45.167999,45.654999,44.950001,45.060001,45.060001,0
27-12-2010,45.110001,45.278,44.654999,44.810001,44.810001,0
03-01-2011,44.818001,45.522999,44.599998,45.18,45.18,0
10-01-2011,45.358002,45.548,44.91,44.959999,44.959999,0
17-01-2011,45.360001,45.842999,45.298,45.778,45.778,0
24-01-2011,45.588001,45.853001,45.450001,45.688,45.688,0
31-01-2011,45.838001,46.009998,45.41,45.560001,45.560001,0
07-02-2011,45.608002,45.775002,45.150002,45.630001,45.630001,0
14-02-2011,45.685001,45.685001,45.099998,45.209999,45.209999,0
21-02-2011,45.195,45.490002,44.917999,45.400002,45.400002,0
28-02-2011,45.25,45.302502,44.75,44.849998,44.849998,0
07-03-2011,44.98,45.285,44.849998,45.110001,45.110001,0
14-03-2011,45.237999,45.360001,44.950001,45.049999,45.049999,0
21-03-2011,44.998001,45.083,44.549999,44.599998,44.599998,0
28-03-2011,44.693001,44.893002,44.389999,44.450001,44.450001,0
04-04-2011,44.264999,44.465,43.93,44.099998,44.099998,0
11-04-2011,44.063,44.592999,44.055,44.419998,44.419998,0
18-04-2011,44.32,44.689999,44.25,44.259998,44.259998,0
25-04-2011,44.365002,44.615002,44.208,44.299999,44.299999,0
02-05-2011,44.215,44.889999,44.215,44.700001,44.700001,0
09-05-2011,44.790001,45.040001,44.59,44.709999,44.709999,0
16-05-2011,44.849998,45.169998,44.849998,44.849998,44.849998,0
23-05-2011,45,45.419998,45,45.189999,45.189999,0
30-05-2011,45.173,45.173,44.75,44.759998,44.759998,0
06-06-2011,44.823002,44.823002,44.573002,44.599998,44.599998,0
13-06-2011,44.723,44.959999,44.549999,44.799999,44.799999,0
20-06-2011,44.860001,45.053001,44.709999,44.849998,44.849998,0
27-06-2011,44.990002,45.130001,44.450001,44.592999,44.592999,0
04-07-2011,44.623001,44.623001,44.292999,44.330002,44.330002,0
11-07-2011,44.412998,44.75,44.349998,44.400002,44.400002,0
18-07-2011,44.52,44.662998,44.299999,44.299999,44.299999,0
25-07-2011,44.408001,44.431,43.852501,44.009998,44.009998,0
01-08-2011,44.18,44.842999,44.025002,44.563,44.563,0
08-08-2011,44.73,45.450001,44.73,45.292999,45.292999,0
15-08-2011,45.18,45.744999,45.169998,45.709999,45.709999,0
22-08-2011,45.924999,46.200001,45.549999,46.009998,46.009998,0
29-08-2011,46.153,46.153,40.700001,45.700001,45.700001,0
05-09-2011,45.737999,46.658001,45.737999,46.130001,46.130001,0
12-09-2011,46.57,48,46.57,47.5,47.5,0
19-09-2011,47.169998,49.889999,47.169998,49.473,49.473,0
26-09-2011,49.419998,49.763,48.653,48.860001,48.860001,0
03-10-2011,49.450001,49.529999,48.900002,49.040001,49.040001,0
10-10-2011,49.150002,49.459999,48.813,49.200001,49.200001,0
17-10-2011,48.893002,50.313,48.689999,49.860001,49.860001,0
24-10-2011,49.823002,50.002998,48.627998,49.790001,49.790001,0
31-10-2011,48.759998,49.537998,48.603001,49.048,49.048,0
07-11-2011,49.022999,50.34,48.900002,49.959999,49.959999,0
14-11-2011,50.110001,51.397999,49.919998,50.948002,50.948002,0
21-11-2011,51.228001,52.720001,51.228001,52.063,52.063,0
28-11-2011,52.259998,52.423,51.049999,51.299999,51.299999,0
05-12-2011,51.103001,52.330002,51.103001,51.700001,51.700001,0
12-12-2011,52.040001,54.303001,52.040001,53.209999,53.209999,0
19-12-2011,52.700001,53.209999,52.393002,52.509998,52.509998,0
26-12-2011,52.783001,53.487999,52.68,53,53,0
02-01-2012,53.099998,53.330002,52.599998,52.673,52.673,0
09-01-2012,52.810001,52.845001,51.298,51.432999,51.432999,0
16-01-2012,51.432999,51.785,50.080002,50.223,50.223,0
23-01-2012,50.305,50.395,49.294998,49.388,49.388,0
30-01-2012,49.388,49.805,48.549999,48.653,48.653,0
06-02-2012,48.653,49.75,48.610001,49.353001,49.353001,0
13-02-2012,49.353001,49.525002,49.049999,49.318001,49.318001,0
20-02-2012,49.103001,49.323002,48.924999,49.007999,49.007999,0
27-02-2012,49.007999,49.598,48.845001,49.518002,49.518002,0
05-03-2012,49.709999,50.75,49.400002,50.073002,50.073002,0
12-03-2012,49.830002,50.463001,49.650002,50.132999,50.132999,0
19-03-2012,50.16,51.298,50,51.167999,51.167999,0
26-03-2012,51.167999,51.48,50.400002,50.868,50.868,0
02-04-2012,50.813,51.233002,50.509998,51.033001,51.033001,0
09-04-2012,51.105,51.632999,51,51.542999,51.542999,0
16-04-2012,51.290001,52.193001,51.25,52.068001,52.068001,0
23-04-2012,52.080002,52.860001,52,52.537998,52.537998,0
30-04-2012,52.432499,53.904999,52.419998,53.467999,53.467999,0
07-05-2012,53.73,53.912998,52.669998,53.627998,53.627998,0
14-05-2012,53.667999,54.893002,53.542999,54.417999,54.417999,0
21-05-2012,54.417999,56.377998,54.417999,55.368,55.368,0
28-05-2012,55.368,56.487999,55.029999,55.537998,55.537998,0
04-06-2012,55.540001,55.895,54.349998,55.417999,55.417999,0
11-06-2012,55.417999,56.07,55.080002,55.388,55.388,0
18-06-2012,55.330002,57.330002,55.325001,57.118,57.118,0
25-06-2012,57.145,57.237999,55.450001,55.502998,55.502998,0
02-07-2012,55.57,55.900002,54.169998,55.403,55.403,0
09-07-2012,55.403,56.063,54.869999,55.138,55.138,0
16-07-2012,55.150002,55.537998,54.775002,55.318001,55.318001,0
23-07-2012,55.32,56.428001,55.233002,55.248001,55.248001,0
30-07-2012,55.248001,56.193001,55.200001,55.748001,55.748001,0
06-08-2012,55.740002,55.740002,54.900002,55.278,55.278,0
13-08-2012,55.27,56.018002,55.16,55.728001,55.728001,0
20-08-2012,55.522999,55.73,55.119999,55.498001,55.498001,0
27-08-2012,55.5,55.880001,55.490002,55.518002,55.518002,0
03-09-2012,55.52,56.02,55.268002,55.358002,55.358002,0
10-09-2012,55.358002,55.540001,53.900002,54.298,54.298,0
17-09-2012,54.299999,54.403,53.34,53.358002,53.358002,0
24-09-2012,53.450001,53.618,52.498001,52.848,52.848,0
01-10-2012,52.848,53,51.403,51.908001,51.908001,0
08-10-2012,51.849998,53.173,51.849998,52.803001,52.803001,0
15-10-2012,52.803001,53.990002,52.650002,53.838001,53.838001,0
22-10-2012,53.889999,53.889999,53.348,53.548,53.548,0
29-10-2012,53.825001,54.200001,53.599998,53.807999,53.807999,0
05-11-2012,53.805,54.791,53.805,54.588001,54.588001,0
12-11-2012,54.588001,55.182999,54.588001,55.158001,55.158001,0
19-11-2012,55.16,55.599998,54.799999,55.443001,55.443001,0
26-11-2012,55.509998,55.869999,54.222,54.257999,54.257999,0
03-12-2012,54.259998,54.950001,54.022999,54.338001,54.338001,0
10-12-2012,54.338001,54.667999,54.099998,54.438,54.438,0
17-12-2012,54.400002,55.268002,54.400002,54.848,54.848,0
24-12-2012,55.075001,55.205002,54.682999,54.752998,54.752998,0
31-12-2012,54.658001,55.178001,54.099998,54.880001,54.880001,0
07-01-2013,55.064999,55.368,54.352001,54.868,54.868,0
14-01-2013,54.73,54.882999,53.708,53.737999,53.737999,0
21-01-2013,53.737999,53.950001,53.377998,53.792999,53.792999,0
28-01-2013,53.82,54.042999,53.029999,53.162998,53.162998,0
04-02-2013,53.162998,53.658001,52.882999,53.588001,53.588001,0
11-02-2013,53.553001,54.333,53.459999,54.318001,54.318001,0
18-02-2013,54.318001,54.612999,54.018002,54.272999,54.272999,0
25-02-2013,54.174999,54.932999,53.605999,54.897999,54.897999,0
04-03-2013,54.889999,55.130001,54.268002,54.342999,54.342999,0
11-03-2013,54.279999,54.509998,53.959999,54.022999,54.022999,0
18-03-2013,54,54.537998,53.897999,54.342999,54.342999,0
25-03-2013,54.32,54.463001,54.07,54.278,54.278,0
01-04-2013,54.279999,54.923,54.200001,54.803001,54.803001,0
08-04-2013,54.790001,54.82,54.25,54.513,54.513,0
15-04-2013,54.52,54.790001,53.783001,53.932999,53.932999,0
22-04-2013,53.970001,54.438,53.950001,54.373001,54.373001,0
29-04-2013,54.34,54.380001,53.599998,53.779999,53.779999,0
06-05-2013,53.93,54.803001,53.759998,54.803001,54.803001,0
13-05-2013,54.803001,55.014999,54.537998,54.888,54.888,0
20-05-2013,54.880001,55.990002,54.849998,55.813,55.813,0
27-05-2013,55.630001,56.748001,55.518002,56.573002,56.573002,0
03-06-2013,56.5,57.108002,56.307999,57.057999,57.057999,0
10-06-2013,56.748001,58.978001,56.688,57.498001,57.498001,0
17-06-2013,57.498001,59.958,57.498001,59.268002,59.268002,0
24-06-2013,59.268002,60.748001,59.209999,59.526001,59.526001,0
01-07-2013,59.526001,61.384998,58.959,60.223,60.223,0
08-07-2013,60.223,61.200001,59.388,59.883999,59.883999,0
15-07-2013,59.610001,60.280499,58.560001,59.333,59.333,0
22-07-2013,59.333,59.849998,58.650002,59.060001,59.060001,0
29-07-2013,59.060001,61.220001,59.040001,61.098,61.098,0
05-08-2013,60.950001,61.808998,60.299999,60.723999,60.723999,0
12-08-2013,60.349998,62.490002,60.349998,62.490002,62.490002,0
19-08-2013,62.490002,65.553001,62.23,64.07,64.07,0
26-08-2013,64.07,69.209999,63.68,66.589996,66.589996,0
02-09-2013,66.589996,68.610001,64.239998,65.237999,65.237999,0
09-09-2013,65.237999,65.237999,62.919998,63.290001,63.290001,0
16-09-2013,63.290001,63.623001,61.599998,62.720001,62.720001,0
23-09-2013,62.720001,63.189999,61.639999,62.91,62.91,0
30-09-2013,62.91,63.450001,59.889999,61.380001,61.380001,0
07-10-2013,61.380001,62.299999,60,60.990002,60.990002,0
14-10-2013,60.990002,61.919998,60,61.240002,61.240002,0
21-10-2013,61.240002,61.810001,60.619999,61.439999,61.439999,0
28-10-2013,61.439999,62.380001,61.029999,62.200001,62.200001,0
04-11-2013,62.200001,63.689999,61.43,63.34,63.34,0
11-11-2013,63.34,63.959999,62.709999,62.709999,62.709999,0
18-11-2013,62.709999,63.119999,61.470001,62.240002,62.240002,0
25-11-2013,62.240002,62.869999,61.860001,62.459999,62.459999,0
02-12-2013,62.459999,62.549999,61.049999,61.150002,61.150002,0
09-12-2013,61.150002,62.310001,60.73,62.188,62.188,0
16-12-2013,62.188,62.650002,61.599998,62.02,62.02,0
23-12-2013,61.993,62.145,61.57,61.669998,61.669998,0
30-12-2013,61.669998,62.57,61.59,62.23,62.23,0
06-01-2014,62.23,62.450001,61.32,61.439999,61.439999,0
13-01-2014,61.439999,61.900002,61.139999,61.549999,61.549999,0
20-01-2014,61.549999,62.759998,61.349998,62.73,62.73,0
27-01-2014,62.73,63.380001,62.07,62.5,62.5,0
03-02-2014,62.5,62.869999,61.790001,62.09,62.09,0
10-02-2014,62.09,62.4925,61.650002,61.830002,61.830002,0
17-02-2014,61.830002,62.439999,61.700001,62.009998,62.009998,0
24-02-2014,62.009998,62.209999,61.630001,61.82,61.82,0
03-03-2014,61.82,62.169998,60.77,61.23,61.23,0
10-03-2014,61.23,61.580002,60.529999,60.98,60.98,0
17-03-2014,60.98,61.360001,60.740002,61.02,61.02,0
24-03-2014,61.02,61.02,59.639999,59.84,59.84,0
31-03-2014,59.882999,60.419998,59.592999,59.669998,59.669998,0
07-04-2014,59.669998,60.380001,59.669998,60.34,60.34,0
14-04-2014,60.173,60.580002,60.09,60.150002,60.150002,0
21-04-2014,60.287998,61.200001,60.150002,60.630001,60.630001,0
28-04-2014,60.638,60.73,59.900002,60.02,60.02,0
05-05-2014,60.178001,60.234001,59.779999,59.849998,59.849998,0
12-05-2014,59.958,60.103001,58.52,58.560001,58.560001,0
19-05-2014,58.577999,58.853001,58.169998,58.419998,58.419998,0
26-05-2014,58.518002,59.203999,58.360001,58.900002,58.900002,0
02-06-2014,59.188,59.442501,58.77,59.167999,59.167999,0
09-06-2014,59.167999,59.830002,58.830002,59.702999,59.702999,0
16-06-2014,59.702999,60.529999,59.439999,60.167999,60.167999,0
23-06-2014,60.080002,60.41,59.700001,60.080002,60.080002,0
30-06-2014,60.037998,60.252998,59.240002,59.717999,59.717999,0
07-07-2014,59.717999,60.298,59.577999,60.088001,60.088001,0
14-07-2014,60.088001,60.619999,59.91,60.278,60.278,0
21-07-2014,60.278,60.342999,59.740002,60.053001,60.053001,0
28-07-2014,60.049999,61.43,59.91,61.208,61.208,0
04-08-2014,61.208,61.720001,60.669998,61.138,61.138,0
11-08-2014,61.138,61.330002,60.639999,60.772999,60.772999,0
18-08-2014,60.959999,60.959999,60.27,60.463001,60.463001,0
25-08-2014,60.463001,60.689999,60.279999,60.513,60.513,0
01-09-2014,60.513,60.700001,60.110001,60.369999,60.369999,0
08-09-2014,60.200001,61.049999,60.07,60.647999,60.647999,0
15-09-2014,60.647999,61.200001,60.599998,60.853001,60.853001,0
22-09-2014,60.82,61.599998,60.59,61.138,61.138,0
29-09-2014,61.380001,62.009998,61.138,61.537998,61.537998,0
06-10-2014,61.537998,61.709999,60.779999,61.278,61.278,0
13-10-2014,61.278,61.950001,60.740002,61.358002,61.358002,0
20-10-2014,61.358002,61.358002,61,61.162998,61.162998,0
27-10-2014,61.162998,61.608002,61.049999,61.432999,61.432999,0
03-11-2014,61.397999,61.740002,61.169998,61.493,61.493,0
10-11-2014,61.400002,61.853001,61.310001,61.708,61.708,0
17-11-2014,61.708,62.240002,61.41,61.759998,61.759998,0
24-11-2014,61.68,62.23,61.52,61.853001,61.853001,0
01-12-2014,62.202999,62.23,54.700001,61.910999,61.910999,0
08-12-2014,61.910999,62.59,61.763,62.518002,62.518002,0
15-12-2014,62.518002,63.950001,62.27,62.983002,62.983002,0
22-12-2014,63.237999,63.650002,62.939999,63.59,63.59,0
29-12-2014,63.513,63.778,62.880001,63.028,63.028,0
05-01-2015,63.278,63.618,61.599998,62.667999,62.667999,0
12-01-2015,62.348,62.348,61.41,62.057999,62.057999,0
19-01-2015,61.862999,61.888,61.23,61.598,61.598,0
26-01-2015,61.310001,62.080002,61.07,62.013,62.013,0
02-02-2015,62.013,62.040001,61.540001,61.733002,61.733002,0
09-02-2015,61.963001,62.529999,61.928001,62.069,62.069,0
16-02-2015,62.069,62.369999,61.98,62.165001,62.165001,0
23-02-2015,62.101002,62.353001,61.27,61.754002,61.754002,0
02-03-2015,61.651001,62.790001,61.630001,62.443001,62.443001,0
09-03-2015,62.452999,63.080002,62.299999,63.076,63.076,0
16-03-2015,63.076,63.076,61.860001,62.483002,62.483002,0
23-03-2015,62.403,62.860001,62.060001,62.828999,62.828999,0
30-03-2015,62.560001,62.68,61.560001,62.060001,62.060001,0
06-04-2015,62.060001,62.417999,61.790001,62.313999,62.313999,0
13-04-2015,62.269001,62.563,61.509998,62.542999,62.542999,0
20-04-2015,62.549999,63.654999,62.380001,63.654999,63.654999,0
27-04-2015,63.68,63.779999,62.560001,63.522999,63.522999,0
04-05-2015,63.720001,64.309998,62.830002,64.082001,64.082001,0
11-05-2015,63.689999,64.419998,63.32,63.408001,63.408001,0
18-05-2015,63.432999,63.873001,63.349998,63.625999,63.625999,0
25-05-2015,63.483002,64.153,63.470001,63.825001,63.825001,0
01-06-2015,63.736,64.239998,63.5,64.000999,64.000999,0
08-06-2015,63.762001,64.18,63.743,63.999001,63.999001,0
15-06-2015,64.092003,64.315002,63.417,63.645,63.645,0
22-06-2015,63.492001,63.702999,63.360001,63.511002,63.511002,0
29-06-2015,63.444,63.950001,63.279999,63.369999,63.369999,0
06-07-2015,63.43,63.643002,63.209999,63.363998,63.363998,0
13-07-2015,63.352001,63.592999,63.258999,63.484001,63.484001,0
20-07-2015,63.470001,64.163002,63.419998,63.848,63.848,0
27-07-2015,64.099998,64.263,63.740002,64.117996,64.117996,0
03-08-2015,63.98,64.169998,63.470001,63.733002,63.733002,0
10-08-2015,63.740002,65.379997,63.610001,65.268997,65.268997,0
17-08-2015,65.122002,66.239998,64.279999,65.460999,65.460999,0
24-08-2015,66.026001,67.059998,65.769997,66.055,66.055,0
31-08-2015,66.142998,66.721001,65.949997,66.160004,66.160004,0
07-09-2015,66.678001,66.905998,66.220001,66.319,66.319,0
14-09-2015,66.234001,66.513,65.410004,66.122002,66.122002,0
21-09-2015,65.889999,66.370003,65.309998,66.221001,66.221001,0
28-09-2015,66.163002,66.43,65.129997,65.617996,65.617996,0
05-10-2015,65.357002,65.428001,64.580002,64.772003,64.772003,0
12-10-2015,64.559998,65.190002,64.550003,64.783997,64.783997,0
19-10-2015,64.599998,65.239998,64.599998,65.050003,65.050003,0
26-10-2015,64.949997,65.445,64.699997,65.444,65.444,0
02-11-2015,65.415001,66.139999,65.260002,65.860001,65.860001,0
09-11-2015,66.510002,66.550003,65.809998,66.047997,66.047997,0
16-11-2015,66.051003,66.309998,65.730003,66.084999,66.084999,0
23-11-2015,66.099998,66.889999,66.050003,66.557999,66.557999,0
30-11-2015,66.660004,66.980003,66.290001,66.803001,66.803001,0
07-12-2015,66.650002,67.106003,65.959999,66.786003,66.786003,0
14-12-2015,67.140999,67.172997,66.199997,66.459,66.459,0
21-12-2015,66.248001,66.360001,65.660004,65.940002,65.940002,0
28-12-2015,65.959999,66.464996,65.940002,66.193001,66.193001,0
04-01-2016,66.193001,66.959999,66.029999,66.920998,66.920998,0
11-01-2016,66.839996,67.760002,66.43,67.304001,67.304001,0
18-01-2016,67.766998,68.142998,67.360001,67.541,67.541,0
25-01-2016,67.541,68.235001,67.400002,68.093002,68.093002,0
01-02-2016,67.870003,68.279999,67.309998,67.802002,67.802002,0
08-02-2016,67.802002,68.550003,67.589996,68.473999,68.473999,0
15-02-2016,68.111,68.830002,67.940002,68.538002,68.538002,0
22-02-2016,68.480003,68.901001,68.269997,68.796997,68.796997,0
29-02-2016,68.730003,68.790001,66.919998,67.142998,67.142998,0
07-03-2016,66.93,67.529999,66.779999,67.308998,67.308998,0
14-03-2016,66.913002,67.434998,66.099998,66.375999,66.375999,0
21-03-2016,66.375999,66.93,66.230003,66.906998,66.906998,0
28-03-2016,66.906998,66.906998,65.940002,66.358002,66.358002,0
04-04-2016,66.358002,66.779999,65.610001,66.543999,66.543999,0
11-04-2016,66.543999,66.739998,66.260002,66.637001,66.637001,0
18-04-2016,66.653,66.690002,65.910004,66.512001,66.512001,0
25-04-2016,66.653,66.849998,65.879997,66.417999,66.417999,0
02-05-2016,66.417999,66.708,66.010002,66.601997,66.601997,0
09-05-2016,66.594002,66.989998,66.370003,66.750999,66.750999,0
16-05-2016,66.847,67.610001,66.480003,67.422997,67.422997,0
23-05-2016,67.422997,67.779999,66.830002,67.024002,67.024002,0
30-05-2016,67.024002,67.504997,66.790001,67.292,67.292,0
06-06-2016,66.991997,67.040001,66.370003,66.740997,66.740997,0
13-06-2016,66.945,67.443001,66.889999,67.066002,67.066002,0
20-06-2016,67.599998,68.203003,67.050003,67.241997,67.241997,0
27-06-2016,67.730003,68.139999,67.059998,67.181999,67.181999,0
04-07-2016,67.169998,67.589996,66.800003,67.132004,67.132004,0
11-07-2016,67.132004,67.209999,66.639999,67.133003,67.133003,0
18-07-2016,67.133003,67.260002,66.959999,67.153999,67.153999,0
25-07-2016,67.146004,67.470001,66.599998,66.648003,66.648003,0
01-08-2016,66.648003,67.002998,66.529999,66.841003,66.841003,0
08-08-2016,66.834999,66.968002,66.605003,66.899597,66.899597,0
15-08-2016,66.899498,67.192902,66.68,67.127502,67.127502,0
22-08-2016,67.128601,67.239998,66.800003,67.128998,67.128998,0
29-08-2016,67.126503,67.193001,66.519997,66.5728,66.5728,0
05-09-2016,66.5728,66.898804,66.07,66.778,66.778,0
12-09-2016,66.897003,67.121201,66.68,67.0653,67.0653,0
19-09-2016,67.065498,67.150002,66.519997,66.696503,66.696503,0
26-09-2016,66.697502,66.943001,66.332497,66.546501,66.546501,0
03-10-2016,66.545502,66.870003,66.349998,66.591202,66.591202,0
10-10-2016,66.591499,66.980003,66.469803,66.705299,66.705299,0
17-10-2016,66.709999,66.9925,66.599998,66.911201,66.911201,0
24-10-2016,66.917999,66.945,66.748001,66.781403,66.781403,0
31-10-2016,66.781403,66.900002,66.628304,66.785301,66.785301,0
07-11-2016,66.785301,67.644997,66.205002,67.546799,67.546799,0
14-11-2016,67.547203,68.25,67.389999,68.169998,68.169998,0
21-11-2016,68.168503,68.894997,67.949997,68.508499,68.508499,0
28-11-2016,68.508499,68.800003,68.010002,68.011497,68.011497,0
05-12-2016,68.011497,68.258003,67.307999,67.460503,67.460503,0
12-12-2016,67.4618,67.900002,67.379898,67.834999,67.834999,0
19-12-2016,67.834999,68.098701,67.699997,67.830803,67.830803,0
26-12-2016,67.830803,68.2491,67.699997,67.944801,67.944801,0
02-01-2017,67.944801,68.43,67.714996,68.142601,68.142601,0
09-01-2017,68.132599,68.492996,67.949997,68.157799,68.157799,0
16-01-2017,68.157799,68.290001,67.879997,68.077202,68.077202,0
23-01-2017,68.072197,68.224998,67.959999,68.110001,68.110001,0
30-01-2017,68.109901,68.109901,67.029999,67.157303,67.157303,0
06-02-2017,67.168198,67.449997,66.650002,66.843697,66.843697,0
13-02-2017,66.840698,67.165001,66.760002,67.065201,67.065201,0
20-02-2017,67.065498,67.095001,66.519997,66.635002,66.635002,0
27-02-2017,66.635002,66.889999,66.589996,66.773003,66.773003,0
06-03-2017,66.709999,66.852997,66.485001,66.485001,66.485001,0
13-03-2017,66.485001,66.580002,65.209999,65.468102,65.468102,0
20-03-2017,65.468102,65.584999,65.18,65.393097,65.393097,0
27-03-2017,65.417999,65.417999,64.739998,64.7967,64.7967,0
03-04-2017,64.852997,65.192497,64.150002,64.260002,64.260002,0
10-04-2017,64.2603,64.739998,64.254997,64.453697,64.453697,0
17-04-2017,64.435501,64.720001,64.239998,64.639999,64.639999,0
24-04-2017,64.640297,64.642998,63.928001,64.258301,64.258301,0
01-05-2017,64.280502,64.389999,64.059998,64.169998,64.169998,0
08-05-2017,64.307999,64.690002,64.120003,64.165497,64.165497,0
15-05-2017,64.236,65.139999,63.880001,64.448502,64.448502,0
22-05-2017,64.448799,64.947998,64.410004,64.513199,64.513199,0
29-05-2017,64.500504,64.688004,64.220001,64.404999,64.404999,0
05-06-2017,64.405502,64.5,64.167999,64.376999,64.376999,0
12-06-2017,64.376999,64.760002,64.019997,64.394997,64.394997,0
19-06-2017,64.454498,64.68,64.339996,64.498001,64.498001,0
26-06-2017,64.495499,64.839996,64.389999,64.606796,64.606796,0
03-07-2017,64.610497,64.900002,64.5,64.611702,64.611702,0
10-07-2017,64.615501,64.615501,64.227501,64.267303,64.267303,0
17-07-2017,64.416,64.461098,64.254997,64.461098,64.461098,0
24-07-2017,64.377998,64.480003,64.050003,64.123497,64.123497,0
31-07-2017,64.105499,64.212997,63.563,63.6651,63.6651,0
07-08-2017,63.665501,64.254997,63.612999,64.081001,64.081001,0
14-08-2017,64.130501,64.349998,63.849998,64.075897,64.075897,0
21-08-2017,64.085503,64.160004,63.869999,63.995499,63.995499,0
28-08-2017,63.998001,64.110001,63.77,64.015503,64.015503,0
04-09-2017,64.017998,64.269997,63.77,63.931,63.931,0
11-09-2017,63.778,64.290001,63.775002,64.120201,64.120201,0
18-09-2017,64.100502,65.199997,64,64.890999,64.890999,0
25-09-2017,64.788002,65.889999,64.730003,65.293297,65.293297,0
02-10-2017,65.300499,65.68,64.949997,65.4142,65.4142,0
09-10-2017,65.390503,65.449997,64.650002,64.672997,64.672997,0
16-10-2017,64.690002,65.153,64.665001,65.104103,65.104103,0
23-10-2017,65.032997,65.239998,64.599998,65.032997,65.032997,0
30-10-2017,64.873398,65.029999,64.389999,64.693398,64.693398,0
06-11-2017,64.693398,65.370003,64.559998,65.182999,65.182999,0
13-11-2017,65.160301,65.580002,64.68,65.008003,65.008003,0
20-11-2017,64.904999,65.147003,64.537498,64.544998,64.544998,0
27-11-2017,64.544998,64.809998,64.269997,64.513,64.513,0
04-12-2017,64.509003,64.629997,64.220001,64.473,64.473,0
11-12-2017,64.473,64.559998,63.990002,64.072998,64.072998,0
18-12-2017,64.072304,64.690002,63.919998,64.007797,64.007797,0
25-12-2017,64.007797,64.25,63.790001,63.840801,63.840801,0
01-01-2018,63.840801,63.869999,63.209999,63.333,63.333,0
08-01-2018,63.264999,63.84,63.23,63.588501,63.588501,0
15-01-2018,63.588501,64.129997,63.330002,63.823002,63.823002,0
22-01-2018,63.8321,63.990002,63.400002,63.573101,63.573101,0
29-01-2018,63.57,64.235001,63.490002,64.1325,64.1325,0
05-02-2018,64.1325,64.480003,63.98,64.211304,64.211304,0
12-02-2018,64.211304,64.43,63.813,64.379997,64.379997,0
19-02-2018,64.379997,65.110001,64.242996,64.703003,64.703003,0
26-02-2018,64.889999,65.599998,64.629997,65.186699,65.186699,0
05-03-2018,65.186699,65.400002,64.794998,65.090401,65.090401,0
12-03-2018,64.964897,65.290001,64.669998,65.014397,65.014397,0
19-03-2018,65.065002,65.294998,64.924698,65.014999,65.014999,0
26-03-2018,64.980499,65.400002,64.68,65.069801,65.069801,0
02-04-2018,65.108002,65.199997,64.82,64.904503,64.904503,0
09-04-2018,64.920502,65.449997,64.805,65.195602,65.195602,0
16-04-2018,65.245499,66.349998,65.209999,66.203003,66.203003,0
23-04-2018,66.2005,67.120003,66.139999,66.610001,66.610001,0
30-04-2018,66.610497,67.040001,66.199997,66.809998,66.809998,0
07-05-2018,66.813004,67.599998,66.75,67.382202,67.382202,0
14-05-2018,67.350502,68.480003,67.190002,67.974998,67.974998,0
21-05-2018,67.983002,68.540001,67.660004,67.721703,67.721703,0
28-05-2018,67.723,68.139999,66.919998,66.987999,66.987999,0
04-06-2018,66.987999,67.879997,66.790001,67.523003,67.523003,0
11-06-2018,67.5205,68.449997,67.309998,68.449997,68.449997,0
18-06-2018,68.053001,68.68,67.690002,67.830002,67.830002,0
25-06-2018,67.860497,69.209999,67.849998,68.434998,68.434998,0
02-07-2018,68.4505,69.205002,68.370003,68.754997,68.754997,0
09-07-2018,68.795502,69.099998,68.25,68.486702,68.486702,0
16-07-2018,68.492996,69.220001,68.25,68.733002,68.733002,0
23-07-2018,68.733002,69.239998,68.529999,68.610001,68.610001,0
30-07-2018,68.595497,69.029999,68.209999,68.510002,68.510002,0
06-08-2018,68.5355,69.165001,68.309998,69.080002,69.080002,0
13-08-2018,68.883003,70.889999,68.879997,69.779999,69.779999,0
20-08-2018,70.093002,70.275002,69.528,70.275002,70.275002,0
27-08-2018,69.962997,71.190002,69.709999,70.995003,70.995003,0
03-09-2018,70.998001,72.150002,70.709999,72.095001,72.095001,0
10-09-2018,71.782997,72.989998,71.5,72.027496,72.027496,0
17-09-2018,71.873001,72.93,71.699997,72.230003,72.230003,0
24-09-2018,72.233002,73.25,72.230003,72.510002,72.510002,0
01-10-2018,72.500504,74.610001,72.500504,73.763,73.763,0
08-10-2018,73.763,74.900002,73.510002,74.160004,74.160004,0
15-10-2018,73.602997,74.389999,73.220001,74.160004,74.160004,0
22-10-2018,73.367996,73.919998,72.589996,73.125,73.125,0
29-10-2018,73.125,74.25,72.432999,72.904999,72.904999,0
05-11-2018,72.904999,73.330002,72.099998,72.470001,72.470001,0
12-11-2018,72.470001,73.080002,71.723,71.973,71.973,0
19-11-2018,71.775002,72.110001,70.339996,70.648003,70.648003,0
26-11-2018,70.669998,71.040001,69.580002,69.642998,69.642998,0
03-12-2018,69.760002,71.43,69.759003,70.75,70.75,0
10-12-2018,71.364998,72.699997,70.852997,71.546997,71.546997,0
17-12-2018,71.910004,71.9105,69.650002,70.129997,70.129997,0
24-12-2018,70.139999,70.400002,69.629997,69.849998,69.849998,0
31-12-2018,69.922501,70.510002,69.43,69.525002,69.525002,0
07-01-2019,69.525002,70.639999,69.080002,70.370003,70.370003,0
14-01-2019,70.370003,71.57,70.269997,71.030197,71.030197,0
21-01-2019,71.230003,71.529999,70.884003,70.970001,70.970001,0
28-01-2019,70.974998,71.550003,70.839996,71.449997,71.449997,0
04-02-2019,71.451698,71.900002,71.019997,71.099998,71.099998,0
11-02-2019,71.150002,71.459999,70.389999,71.32,71.32,0
18-02-2019,71.32,71.610001,70.93,71.028,71.028,0
25-02-2019,71.027496,71.592499,70.688301,70.989998,70.989998,0
04-03-2019,70.989998,71.199997,69.775299,69.9869,69.9869,0
11-03-2019,69.9869,70.023499,68.915001,69.337303,69.337303,0
18-03-2019,68.953003,69.480003,68.350502,69.160004,69.160004,0
25-03-2019,69.160599,69.43,68.634003,69.43,69.43,0
01-04-2019,69.43,69.610001,68.377998,68.970398,68.970398,0
08-04-2019,69.1605,69.769997,68.830002,69.182999,69.182999,0
15-04-2019,69.182999,69.754997,68.924004,69.380997,69.380997,0
22-04-2019,69.388,70.540001,69.360001,69.844299,69.844299,0
29-04-2019,69.843002,70.050003,69.0625,69.4244,69.4244,0
06-05-2019,69.087997,70.410004,69.087997,70.410004,70.410004,0
13-05-2019,70.008003,70.959999,69.915001,70.235001,70.235001,0
20-05-2019,70.273003,70.281502,69.260002,69.373001,69.373001,0
27-05-2019,69.373001,70.059998,69.309998,69.980003,69.980003,0
03-06-2019,69.570503,69.625,68.905998,69.360001,69.360001,0
10-06-2019,69.348,69.842003,69.120003,69.859001,69.859001,0
17-06-2019,69.825996,70.112503,69.331001,69.779999,69.779999,0
24-06-2019,69.608002,69.769997,68.869003,69.324997,69.324997,0
01-07-2019,68.940498,69.167503,68.389,68.440002,68.440002,0
08-07-2019,68.443001,68.849998,68.202301,68.550301,68.550301,0
15-07-2019,68.550499,69.012497,68.301498,68.913597,68.913597,0
22-07-2019,68.852997,69.357498,68.816002,69.150497,69.150497,0
29-07-2019,68.870499,69.800003,68.660004,69.297203,69.297203,0
05-08-2019,69.693001,71.519997,69.657898,70.470901,70.470901,0
12-08-2019,70.917,71.900002,70.739998,71.720001,71.720001,0
19-08-2019,71.148003,72.264999,71.035004,71.727097,71.727097,0
26-08-2019,71.504997,72.334999,71.370003,71.680199,71.680199,0
02-09-2019,71.445999,72.620003,71.445999,71.669998,71.669998,0
09-09-2019,71.638,72.18,70.858002,71.020699,71.020699,0
16-09-2019,70.977997,72.322304,70.712303,71.717499,71.717499,0
23-09-2019,71.068001,71.324997,70.365997,70.639999,70.639999,0
30-09-2019,70.500999,71.542999,70.375298,70.822502,70.822502,0
07-10-2019,70.818001,71.574997,70.759003,71.029999,71.029999,0
14-10-2019,70.917,71.760002,70.731499,71.422501,71.422501,0
21-10-2019,71.083,71.346001,70.699501,70.830002,70.830002,0
28-10-2019,70.830002,71.272499,70.512001,70.5121,70.5121,0
04-11-2019,70.5121,71.470001,70.471497,71.361267,71.361267,0
11-11-2019,71.349998,72.360001,71.233002,71.705803,71.705803,0
18-11-2019,71.625,72.169998,71.572998,71.7826,71.7826,0
25-11-2019,71.7826,71.875504,71.219803,71.723,71.723,0
02-12-2019,71.738998,71.959999,71.1791,71.286797,71.286797,0
09-12-2019,71.272903,71.275002,70.471001,70.689003,70.689003,0
16-12-2019,70.679497,71.425003,70.666496,71.024002,71.024002,0
23-12-2019,71.050003,71.561996,71.033997,71.313004,71.313004,0
30-12-2019,71.410004,71.995003,71.025002,71.731003,71.731003,0
06-01-2020,71.720001,72.5,70.829002,70.953003,70.953003,0
13-01-2020,70.953003,71.162498,70.606499,71.034698,71.034698,0
20-01-2020,71.033699,71.510002,70.720001,71.324997,71.324997,0
27-01-2020,71.32,71.711998,71.168503,71.496498,71.496498,0
03-02-2020,71.544998,71.699997,71.084999,71.515503,71.515503,0
10-02-2020,71.504997,71.596001,71.064003,71.514801,71.514801,0
17-02-2020,71.5177,72.110001,71.268997,71.886803,71.886803,0
24-02-2020,71.870003,72.815002,71.525597,72.150002,72.150002,0
02-03-2020,72.528999,74.440002,71.952499,73.9953,73.9953,0
09-03-2020,73.9953,75.434998,73.404503,73.903999,73.903999,0
16-03-2020,73.830002,76.584999,73.580002,75.159698,75.159698,0
23-03-2020,75.388496,77.754997,73.989998,74.875504,74.875504,0
30-03-2020,75.464996,77.57,74.989998,77.139999,77.139999,0
06-04-2020,76.230003,77.379997,75.251999,76.166496,76.166496,0
13-04-2020,76.166496,77.57,75.921303,76.490997,76.490997,0
20-04-2020,76.559998,77.684998,75.672501,76.301498,76.301498,0
27-04-2020,76.2715,76.785004,74.805,75.830498,75.830498,0
04-05-2020,75.591003,76.550003,75.260002,75.503502,75.503502,0
11-05-2020,75.525002,76.309998,75.039497,75.822998,75.822998,0
18-05-2020,75.82,76.209503,75.416,75.977501,75.977501,0
25-05-2020,75.985001,76.129997,75.381302,75.513199,75.513199,0
01-06-2020,75.513199,75.792503,74.914398,75.564003,75.564003,0
08-06-2020,75.5177,76.389999,75.3769,75.956497,75.956497,0
15-06-2020,75.956902,76.654999,75.745003,76.239799,76.239799,0
22-06-2020,76.257301,76.453499,75.430496,75.627502,75.627502,0
29-06-2020,75.619797,75.75,74.544502,74.6782,74.6782,0
06-07-2020,74.679298,75.355003,74.430298,75.188004,75.188004,0
13-07-2020,75.194298,75.574997,74.916,74.927002,74.927002,0
20-07-2020,74.8974,75.150002,74.4646,74.669701,74.669701,0
27-07-2020,74.725601,75.089996,74.513496,74.8769,74.8769,0
03-08-2020,74.9179,75.364998,74.768997,75.017998,75.017998,0
10-08-2020,75.026901,75.246002,74.515999,74.849701,74.849701,0
17-08-2020,74.902802,75.199997,74.570297,74.875298,74.875298,0
24-08-2020,74.921799,74.921799,73.095802,73.125,73.125,0
31-08-2020,73.128403,73.885002,72.718498,73.172699,73.172699,0
07-09-2020,73.290298,74.050003,73.012001,73.425499,73.425499,0
14-09-2020,73.478699,73.800003,73.172997,73.602898,73.602898,0
21-09-2020,73.534798,74.222,73.278,73.695999,73.695999,0
28-09-2020,73.699402,73.974998,73.027,73.260902,73.260902,0
05-10-2020,73.322502,73.815002,72.959702,72.959702,72.959702,0
12-10-2020,73.0149,73.620003,72.933998,73.443001,73.443001,0
19-10-2020,73.443802,73.8853,73.283997,73.822899,73.822899,0
26-10-2020,73.834,74.702003,73.613998,74.264,74.264,0
02-11-2020,74.707298,75.000999,73.845802,73.979797,73.979797,0
09-11-2020,73.9758,74.887299,73.643097,74.487701,74.487701,0
16-11-2020,74.589798,74.704803,74.035202,74.162399,74.162399,0
23-11-2020,74.119797,74.406303,73.738899,73.940903,73.940903,0
30-11-2020,73.935303,74.198502,73.398003,73.790298,73.790298,0
07-12-2020,73.790298,74.0373,73.530998,73.737999,73.737999,0
14-12-2020,73.737999,73.900299,73.384697,73.6036,73.6036,0
21-12-2020,73.6036,74.269997,73.450798,73.689003,73.689003,0
28-12-2020,73.689003,73.767303,72.946602,73.092003,73.092003,0
04-01-2021,73.092003,73.739799,72.7985,73.373398,73.373398,0
11-01-2021,73.373398,73.778999,72.939003,73.158997,73.158997,0
18-01-2021,73.158997,73.419998,72.883003,72.954903,72.954903,0
25-01-2021,72.995903,73.222,72.767502,72.906601,72.906601,0
01-02-2021,72.906601,73.324799,72.777702,72.784798,72.784798,0
08-02-2021,72.784798,73.109001,72.562798,72.590797,72.590797,0
15-02-2021,72.594803,73.153999,72.3983,72.563004,72.563004,0
22-02-2021,72.553001,74.178703,72.267998,73.595901,73.595901,0
01-03-2021,73.595901,74.125,72.612198,73.1334,73.1334,0
08-03-2021,73.1334,73.415298,72.564796,72.689003,72.689003,0
15-03-2021,72.682999,73.008003,72.295601,72.441803,72.441803,0
22-03-2021,72.404999,73.137001,72.265999,72.612801,72.612801,0
29-03-2021,72.447304,73.652298,72.447304,73.2873,73.2873,0
05-04-2021,73.376099,75.006302,73.197304,74.729202,74.729202,0
12-04-2021,74.729599,75.517998,74.180199,74.532997,74.532997,0
19-04-2021,74.541298,75.7248,74.501999,75.211502,75.211502,0
26-04-2021,74.868202,75.251999,73.825401,74.087997,74.087997,0
03-05-2021,74.094902,74.494003,73.166199,73.253998,73.253998,0
10-05-2021,73.290398,73.845299,73.184998,73.444901,73.444901,0
17-05-2021,73.278999,73.723297,72.752998,73.021896,73.021896,0
24-05-2021,72.909798,73.195,72.3358,72.682999,72.682999,0
31-05-2021,72.3936,73.434998,72.344498,73.044197,73.044197,0
07-06-2021,72.909798,73.318398,72.741096,73.012299,73.012299,0
14-06-2021,73.231697,74.522301,73.100502,74.253899,74.253899,0
21-06-2021,74.143997,74.5448,73.510803,74.220001,74.220001,0
28-06-2021,74.212997,74.899002,74.0625,74.743797,74.743797,0
05-07-2021,74.481903,74.911003,74.203003,74.487,74.487,0
12-07-2021,74.490601,74.869003,74.275398,74.901299,74.901299,0
19-07-2021,74.631897,75.205002,74.307999,74.427002,74.427002,0
26-07-2021,74.448997,74.737999,74.154404,74.251999,74.251999,0
02-08-2021,74.379204,74.599998,74.045097,74.203003,74.203003,0
09-08-2021,74.491501,74.650002,74.002296,74.260101,74.260101,0
16-08-2021,74.216904,74.559799,74.080803,74.345001,74.345001,0
23-08-2021,74.351303,74.351402,73.4263,74.155998,74.155998,0
30-08-2021,73.496696,73.699799,72.9048,73.054298,73.054298,0
06-09-2021,72.994598,73.868401,72.941002,73.538002,73.538002,0
13-09-2021,73.5243,73.870003,73.336998,73.564903,73.564903,0
20-09-2021,73.696198,74.046303,73.549004,73.839996,73.839996,0
27-09-2021,73.812897,74.5644,73.611801,74.254402,74.254402,0
04-10-2021,74.152199,75.181,74.120499,75.2985,75.2985,0
11-10-2021,75.305901,75.699997,74.761497,74.995003,74.995003,0
18-10-2021,75.005997,75.521004,74.634003,74.999001,74.999001,0
25-10-2021,74.993797,75.322502,74.737999,74.797203,74.797203,0
01-11-2021,74.928398,75.186302,74.050598,74.478104,74.478104,0
08-11-2021,74.191002,74.578499,73.830299,74.347,74.347,0
15-11-2021,74.347,74.619003,74.017998,74.1744,74.1744,0
22-11-2021,74.310699,75.115898,74.191498,74.505798,74.505798,0
29-11-2021,75.052803,75.3284,74.5355,75.464996,75.464996,0
06-12-2021,75.472298,75.9739,75.077003,75.792297,75.792297,0
13-12-2021,75.942299,76.4823,75.360497,76.305,76.305,0
20-12-2021,76.052299,76.172897,74.969002,75.067398,75.067398,0
27-12-2021,75.115196,75.2248,74.089996,74.431198,74.431198,0
03-01-2022,74.5159,74.770302,74.152,74.4673,74.4673,0
10-01-2022,74.230598,74.464798,73.697502,73.972298,73.972298,0
17-01-2022,74.156097,74.834801,74.124702,74.452202,74.452202,0
24-01-2022,74.420303,75.366997,74.316101,74.994301,74.994301,0
31-01-2022,75.046097,75.188797,74.4328,74.643898,74.643898,0
07-02-2022,74.646202,75.539299,74.539001,75.579597,75.579597,0
14-02-2022,75.642899,75.727203,74.481003,75.063004,75.063004,0
21-02-2022,74.686897,75.901001,74.352997,75.068001,75.068001,0
28-02-2022,75.055199,76.524101,74.900002,76.417999,76.417999,0
07-03-2022,76.4207,77.373497,75.898697,76.310303,76.310303,0
14-03-2022,76.759003,76.981499,75.759003,75.981598,75.981598,0
21-03-2022,75.946404,76.841499,75.891998,76.276001,76.276001,0
28-03-2022,76.278503,76.626503,75.561501,75.919098,75.919098,0
04-04-2022,75.994797,76.213203,75.2575,75.9132,75.9132,0
11-04-2022,75.917297,76.595497,75.763496,76.3088,76.3088,0
18-04-2022,76.331398,76.746002,76.074501,76.441704,76.441704,0
25-04-2022,76.463501,77.038002,76.268402,76.588997,76.588997,0
02-05-2022,76.523102,77.069298,75.994003,76.541801,76.541801,0
09-05-2022,76.957497,77.725998,76.927498,77.443802,77.443802,0
16-05-2022,77.486298,78.095001,77.213501,77.421097,77.421097,0
23-05-2022,77.818398,77.969803,77.420799,77.630203,77.630203,0
30-05-2022,77.692001,77.941704,77.3862,77.643898,77.643898,0
06-06-2022,77.694199,78.193802,77.547501,78.148804,78.148804,0
13-06-2022,78.177597,78.406799,77.882004,77.961403,77.961403,0
20-06-2022,77.961403,78.419502,77.859901,78.142403,78.142403,0
27-06-2022,78.252296,79.191002,78.158501,78.962997,78.962997,0
04-07-2022,78.950699,79.548302,78.846497,79.332397,79.332397,0
11-07-2022,79.331398,80.218697,79.141998,79.685204,79.685204,0
18-07-2022,79.720497,80.271004,79.713699,79.876503,79.876503,0
25-07-2022,79.876801,80.144798,79.119499,79.571503,79.571503,0
01-08-2022,79.194801,79.800003,77.7743,79.591003,79.591003,0
08-08-2022,79.410599,79.936996,79.007004,79.613998,79.613998,0
15-08-2022,79.627602,80.112503,79.146004,79.886597,79.886597,0
22-08-2022,79.9179,80.1548,79.502998,79.956299,79.956299,0
29-08-2022,79.959099,80.160797,79.279503,79.716797,79.716797,0
05-09-2022,79.724503,80.141998,79.454002,79.648003,79.648003,0
12-09-2022,79.6558,80.016296,79.023003,79.653198,79.653198,0
19-09-2022,79.689499,81.338097,79.5765,81.219498,81.219498,0
26-09-2022,81.254799,82.112999,80.733002,81.480598,81.480598,0
03-10-2022,81.521301,82.824997,81.265999,82.7836,82.7836,0
10-10-2022,82.832298,83.064301,82.120003,82.192101,82.192101,0
17-10-2022,82.412804,83.386002,82.011803,82.513496,82.513496,0
24-10-2022,82.541298,83.137497,81.924202,82.442497,82.442497,0
31-10-2022,82.239197,83.123001,81.9487,81.974998,81.974998,0
07-11-2022,81.974998,82.371803,80.423798,80.547897,80.547897,0
14-11-2022,80.497002,81.849998,80.3731,81.500198,81.500198,0
21-11-2022,81.519897,81.994797,81.414497,81.5979,81.5979,0
28-11-2022,81.669701,81.921997,80.992996,81.43,81.43,0
05-12-2022,81.422501,82.738503,81.193497,82.434601,82.434601,0
12-12-2022,82.413002,83.035896,82.363998,82.681801,82.681801,0
19-12-2022,82.725998,82.988297,82.543503,82.604103,82.604103,0
26-12-2022,82.604103,82.917999,81.716797,82.739502,82.739502,0
02-01-2023,82.749802,83.030998,82.273399,82.270599,82.270599,0
09-01-2023,82.273399,82.529198,81.092499,81.284798,81.284798,0
16-01-2023,81.278,81.874001,80.972702,80.975998,80.975998,0
23-01-2023,80.975998,81.765999,80.878502,81.514297,81.514297,0
30-01-2023,81.508003,82.491402,81.463997,82.491096,82.491096,0
06-02-2023,82.225998,82.901299,82.233299,82.494698,82.494698,0
13-02-2023,82.513,83.016502,82.494698,82.814903,82.814903,0
20-02-2023,82.758003,83.005203,82.563004,82.932999,82.932999,0
27-02-2023,82.917999,83.080299,81.703903,81.712502,81.712502,0
06-03-2023,81.712502,82.281303,81.619003,82.018303,82.018303,0
13-03-2023,81.958,83.012497,81.627296,82.532402,82.532402,0
20-03-2023,82.532997,82.882301,82.047096,82.347198,82.347198,0
27-03-2023,82.338799,82.428299,82.029503,82.100502,82.100502,0
03-04-2023,82.184799,82.485497,81.764999,81.875,81.875,0
10-04-2023,81.884804,82.145897,81.471497,81.846001,81.846001,0
17-04-2023,81.844803,82.375504,81.844803,82.1409,82.1409,0
24-04-2023,82.054802,82.1549,81.603996,81.745399,81.745399,0
01-05-2023,81.744797,81.950996,81.616997,81.716103,81.716103,0
08-05-2023,81.729797,82.148499,81.673401,81.787102,81.787102,0
10-05-2023,82.037003,82.087502,81.884003,81.93,81.93,0
